[
  {
    "id": 1,
    "name_product": "The Air Scoop-Neck Tee",
    "price": "$95.00",
    "status": "OUT OF STOCK",
    "status_bg": "red",
    "img": "../public/img/product/1.webp",
    "img_1": "../public/img/product/1-1.webp",
    "img_2": "../public/img/product/1-2.webp",
    "img_3": "../public/img/product/1-3.webp",
    "img_4": "../public/img/product/1-1.webp"
  },
  {
    "id": 2,
    "name_product": "Beaded double necklace",
    "price": "$240.00",
    "status": "1 IN STOCK",
    "status_bg": "#f5f4ee",
    "status_cl": "#7d7d7d",
    "img": "../public/img/product/2.webp",
    "img_1": "../public/img/product/2-1.webp",
    "img_2": "../public/img/product/2-2.webp",
    "img_3": "../public/img/product/2-3.webp",
    "img_4": "../public/img/product/2-4.webp"
  },
  {
    "id": 3,
    "name_product": "Twisted hoop earrings",
    "price": "$144.00",
    "status": "9 IN STOCK",
    "status_bg": "#f5f4ee",
    "status_cl": "#7d7d7d",
    "img": "../public/img/product/3.webp",
    "img_1": "../public/img/product/3-1.webp",
    "img_2": "../public/img/product/3-2.webp",
    "img_3": "../public/img/product/3-3.webp",
    "img_4": "../public/img/product/3-4.webp"
  },
  {
    "id": 4,
    "name_product": "Hoop pendant earrings",
    "price": "$144.00",
    "status": "11 IN STOCK",
    "status_bg": "#f5f4ee",
    "status_cl": "#7d7d7d",
    "img": "../public/img/product/4.webp",
    "img_1": "../public/img/product/4-1.webp",
    "img_2": "../public/img/product/4-2.webp",
    "img_3": "../public/img/product/4-3.webp",
    "img_4": "../public/img/product/4-4.webp"
  },
  {
    "id": 5,
    "name_product": "Embossed hoop earrings",
    "price": "$144.00",
    "status": "9 IN STOCK",
    "status_bg": "#f5f4ee",
    "status_cl": "#7d7d7d",
    "img": "../public/img/product/5.webp",
    "img_1": "../public/img/product/5-1.webp",
    "img_2": "../public/img/product/5-2.webp",
    "img_3": "../public/img/product/5-3.webp",
    "img_4": "../public/img/product/5-4.webp"
  },
  {
    "id": 6,
    "name_product": "Embossed hoop earrings",
    "price": "$18.00 – $32.00",
    "status": "439 IN STOCK (CAN BE BACKORDERED)",
    "status_bg": "#f5f4ee",
    "status_cl": "#7d7d7d",
    "img": "../public/img/product/6.webp",
    "img_1": "../public/img/product/6-1.webp",
    "img_2": "../public/img/product/6-2.webp",
    "img_3": "../public/img/product/6-3.webp",
    "img_4": "../public/img/product/6-4.webp"
  },
  {
    "id": 7,
    "name_product": "Rhinestone crystal earring",
    "price": "$68.00",
    "status": "14 IN STOCK",
    "status_bg": "#f5f4ee",
    "status_cl": "#7d7d7d",
    "img": "../public/img/product/7.webp",
    "img_1": "../public/img/product/7-1.webp",
    "img_2": "../public/img/product/7-2.webp",
    "img_3": "../public/img/product/7-3.webp",
    "img_4": "../public/img/product/7-4.webp"
  },
  {
    "id": 8,
    "name_product": "Embossed hoop earrings",
    "price": "$68.00",
    "status": "25 IN STOCK",
    "status_bg": "#f5f4ee",
    "status_cl": "#7d7d7d",
    "img": "../public/img/product/8.webp",
    "img_1": "../public/img/product/8-1.webp",
    "img_2": "../public/img/product/8-2.webp",
    "img_3": "../public/img/product/8-3.webp",
    "img_4": "../public/img/product/8-4.webp"
  },
  {
    "id": 9,
    "name_product": "Link chain necklace",
    "price": "$59.00 - $39.00",
    "status": "25 IN STOCK",
    "status_bg": "#f5f4ee",
    "status_cl": "#7d7d7d",
    "img": "../public/img/product/9.webp",
    "img_1": "../public/img/product/9-1.webp",
    "img_2": "../public/img/product/9-2.webp",
    "img_3": "../public/img/product/9-3.webp",
    "img_4": "../public/img/product/9-4.webp"
  },
  {
    "id": 10,
    "name_product": "Flower crystal ring",
    "price": "$18.00 – $20.00",
    "status": "490 IN STOCK (CAN BE BACKORDERED)",
    "status_bg": "#f5f4ee",
    "status_cl": "#7d7d7d",
    "img": "../public/img/product/10.webp",
    "img_1": "../public/img/product/10-1.webp",
    "img_2": "../public/img/product/10-2.webp",
    "img_3": "../public/img/product/10-3.webp",
    "img_4": "../public/img/product/10-4.webp"
  },
  {
    "id": 11,
    "name_product": "Simple Product",
    "price": "$189.00",
    "status": "490 IN STOCK (CAN BE BACKORDERED)",
    "status_bg": "#f5f4ee",
    "status_cl": "#7d7d7d",
    "img": "../public/img/product/11.webp",
    "img_1": "../public/img/product/11-1.webp",
    "img_2": "../public/img/product/11-2.webp",
    "img_3": "../public/img/product/11-3.webp",
    "img_4": "../public/img/product/11-2.webp"
  },
  {
    "id": 11.1,
    "name_product": "Blue heart necklace",
    "price": "$65.00 – $189.00",
    "status": "500 IN STOCK (CAN BE BACKORDERED)",
    "status_bg": "#f5f4ee",
    "status_cl": "#7d7d7d",
    "img": "../public/img/product/11.1.webp",
    "img_1": "../public/img/product/11.1-1.webp",
    "img_2": "../public/img/product/11.1-2.webp",
    "img_3": "../public/img/product/11.1-3.webp",
    "img_4": "../public/img/product/11.1-2.webp"
  },
  {
    "id": 12,
    "name_product": "Mesh flower earrings",
    "price": "$30.00 – $40.00",
    "status": "499 IN STOCK (CAN BE BACKORDERED)",
    "status_bg": "#f5f4ee",
    "status_cl": "#7d7d7d",
    "img": "../public/img/product/12.webp",
    "img_1": "../public/img/product/12-1.webp",
    "img_2": "../public/img/product/12-2.webp",
    "img_3": "../public/img/product/12-3.webp",
    "img_4": "../public/img/product/12-2.webp"
  },
  {
    "id": 13,
    "name_product": "Faceted crystal hoop earrings",
    "price": "$22.00",
    "status": "488 IN STOCK (CAN BE BACKORDERED)",
    "status_bg": "#f5f4ee",
    "status_cl": "#7d7d7d",
    "img": "../public/img/product/13.webp",
    "img_1": "../public/img/product/13-1.webp",
    "img_2": "../public/img/product/13-2.webp",
    "img_3": "../public/img/product/13-3.webp",
    "img_4": "../public/img/product/13-4.webp"
  }
]
